2019-05-02 0:01,0.2467142,0.2377245
2019-05-02 0:02,0.2457501,0.2404261
2019-05-02 0:03,0.2429513,0.2380642
2019-05-02 0:04,0.245878,0.2394638
2019-05-02 0:05,0.2444562,0.2397677
2019-05-02 0:06,0.2448947,0.2377215
2019-05-02 0:07,0.2455148,0.237818
2019-05-02 0:08,0.2458335,0.2387991
2019-05-02 0:09,0.2461473,0.2399486
2019-05-02 0:10,0.2484554,0.2386662
2019-05-02 0:11,0.2461989,0.2379335
2019-05-02 0:12,0.2467661,0.2392945
2019-05-02 0:13,0.2441942,0.2378643
2019-05-02 0:14,0.24861,0.2380167
2019-05-02 0:15,0.2477999,0.2375066
2019-05-02 0:16,0.2454343,0.2375241
2019-05-02 0:17,0.2453951,0.2382766
2019-05-02 0:18,0.2468807,0.238003
2019-05-02 0:19,0.2461928,0.2396592
2019-05-02 0:20,0.2437764,0.2382408
2019-05-02 0:21,0.2459145,0.2366806
2019-05-02 0:22,0.2440722,0.2372336
2019-05-02 0:23,0.2458599,0.2390281
2019-05-02 0:24,0.2450531,0.2385574
2019-05-02 0:25,0.2440248,0.2379708
2019-05-02 0:26,0.2452612,0.2386658
2019-05-02 0:27,0.2455367,0.2383502
2019-05-02 0:28,0.245353,0.2375868
2019-05-02 0:29,0.2468881,0.2367258
2019-05-02 0:30,0.2476494,0.237405
2019-05-02 0:31,0.2484674,0.2703869
2019-05-02 0:32,0.245003,0.2551332
2019-05-02 0:33,0.2463899,0.2398402
2019-05-02 0:34,0.2473965,0.2400541
2019-05-02 0:35,0.2474068,0.2386545
2019-05-02 0:36,0.2451898,0.2389891
2019-05-02 0:37,0.2476793,0.2410428
2019-05-02 0:38,0.2461286,0.2388626
2019-05-02 0:39,0.2423916,0.2396769
2019-05-02 0:40,0.2463144,0.2378503
2019-05-02 0:41,0.2457702,0.2368097
2019-05-02 0:42,0.2460532,0.2390831
2019-05-02 0:43,0.2445422,0.2374691
2019-05-02 0:44,0.2451596,0.2385705
2019-05-02 0:45,0.2475535,0.2410851
2019-05-02 0:46,0.2493059,0.2392129
2019-05-02 0:47,0.2483983,0.2377104
2019-05-02 0:48,0.2465406,0.2349529
2019-05-02 0:49,0.2470559,0.2366923
2019-05-02 0:50,0.2471553,0.237016
2019-05-02 0:51,0.248723,0.2368394
2019-05-02 0:52,0.2476909,0.2369157
2019-05-02 0:53,0.2450364,0.2362911
2019-05-02 0:54,0.2469075,0.2359673
2019-05-02 0:55,0.2445353,0.2364909
2019-05-02 0:56,0.2465093,0.2349467
2019-05-02 0:57,0.2489932,0.2379317
2019-05-02 0:58,0.2465093,0.2365109
2019-05-02 0:59,0.2512433,0.2369551
2019-05-02 1:00,0.2469241,0.2365028
2019-05-02 1:01,0.2471107,0.236535
2019-05-02 1:02,0.2479613,0.2367466
2019-05-02 1:03,0.2457298,0.235764
2019-05-02 1:04,0.2483122,0.2371676
2019-05-02 1:05,0.2470045,0.2375449
2019-05-02 1:06,0.2476939,0.2367615
2019-05-02 1:07,0.2465355,0.2350394
2019-05-02 1:08,0.2464403,0.235496
2019-05-02 1:09,0.2497903,0.2369654
2019-05-02 1:10,0.2438297,0.240557
2019-05-02 1:11,0.2436032,0.2369247
2019-05-02 1:12,0.2459075,0.236292
2019-05-02 1:13,0.2474552,0.2354604
2019-05-02 1:14,0.2485965,0.2377832
2019-05-02 1:15,0.2487179,0.234456
2019-05-02 1:16,0.2531071,0.2369845
2019-05-02 1:17,0.2569172,0.2390376
2019-05-02 1:18,0.259523,0.2369432
2019-05-02 1:19,0.2586467,0.2373062
2019-05-02 1:20,0.2567752,0.2361031
2019-05-02 1:21,0.2527268,0.2356061
2019-05-02 1:22,0.2507342,0.2368531
2019-05-02 1:23,0.247931,0.2368121
2019-05-02 1:24,0.2490048,0.2383453
2019-05-02 1:25,0.2447385,0.2369525
2019-05-02 1:26,0.2438734,0.2372305
2019-05-02 1:27,0.246316,0.2366734
2019-05-02 1:28,0.2468137,0.2357472
2019-05-02 1:29,0.2464656,0.2357652
2019-05-02 1:30,0.247865,0.23556
2019-05-02 1:31,0.2449588,0.2361836
2019-05-02 1:32,0.249062,0.2387765
2019-05-02 1:33,0.2460839,0.2350764
2019-05-02 1:34,0.2475111,0.2379463
2019-05-02 1:35,0.2439293,0.2369549
2019-05-02 1:36,0.2453804,0.2364248
2019-05-02 1:37,0.2451786,0.2363277
2019-05-02 1:38,0.2459985,0.2352417
2019-05-02 1:39,0.247382,0.2367767
2019-05-02 1:40,0.2481877,0.2376701
2019-05-02 1:41,0.2468571,0.236739
2019-05-02 1:42,0.247907,0.236606
2019-05-02 1:43,0.2494572,0.2357974
2019-05-02 1:44,0.2500537,0.2377148
2019-05-02 1:45,0.251195,0.2361049
2019-05-02 1:46,0.2513174,0.2366433
2019-05-02 1:47,0.2468112,0.2369947
2019-05-02 1:48,0.2459993,0.2380309
2019-05-02 1:49,0.2450853,0.243053
2019-05-02 1:50,0.2448148,0.2422172
2019-05-02 1:51,0.2449672,0.244963
2019-05-02 1:52,0.2472085,0.2428595
2019-05-02 1:53,0.2462065,0.2385029
2019-05-02 1:54,0.2499709,0.2393763
2019-05-02 1:55,0.2530482,0.2380974
2019-05-02 1:56,0.2487102,0.23986
2019-05-02 1:57,0.2460243,0.241378
2019-05-02 1:58,0.2440878,0.2402018
2019-05-02 1:59,0.2461565,0.2383949
2019-05-02 2:00,0.2444474,0.2379618
2019-05-02 2:01,0.2455179,0.2387988
2019-05-02 2:02,0.2454415,0.2385025
2019-05-02 2:03,0.247247,0.2377324
2019-05-02 2:04,0.2436206,0.2421495
2019-05-02 2:05,0.2454561,0.2401807
2019-05-02 2:06,0.2523797,0.2396756
2019-05-02 2:07,0.2486513,0.2376129
2019-05-02 2:08,0.2447228,0.2367661
2019-05-02 2:09,0.2428469,0.238226
2019-05-02 2:10,0.2452617,0.2377287
2019-05-02 2:11,0.2438162,0.2367496
2019-05-02 2:12,0.2443171,0.2377859
2019-05-02 2:13,0.248328,0.238021
2019-05-02 2:14,0.2498088,0.2395059
2019-05-02 2:15,0.2530477,0.2407611
2019-05-02 2:16,0.2519429,0.2417347
2019-05-02 2:17,0.2543279,0.2412288
2019-05-02 2:18,0.2499688,0.2394551
2019-05-02 2:19,0.2527739,0.2405971
2019-05-02 2:20,0.2483807,0.2412131
2019-05-02 2:21,0.2470101,0.2420509
2019-05-02 2:22,0.2481937,0.2440939
2019-05-02 2:23,0.2466892,0.2412523
2019-05-02 2:24,0.246667,0.2421587
2019-05-02 2:25,0.2441071,0.2416595
2019-05-02 2:26,0.2494607,0.2400136
2019-05-02 2:27,0.2475056,0.2446606
2019-05-02 2:28,0.247147,0.2445265
2019-05-02 2:29,0.2462845,0.2451878
2019-05-02 2:30,0.2457942,0.2466716
2019-05-02 2:31,0.2449986,0.2517335
2019-05-02 2:32,0.2454861,0.2473153
2019-05-02 2:33,0.2433131,0.2464803
2019-05-02 2:34,0.2455182,0.244676
2019-05-02 2:35,0.242911,0.2442214
2019-05-02 2:36,0.2446714,0.245274
2019-05-02 2:37,0.2446396,0.2457985
2019-05-02 2:38,0.2453801,0.2457947
2019-05-02 2:39,0.246739,0.2460436
2019-05-02 2:40,0.2434483,0.2462759
2019-05-02 2:41,0.2455954,0.2489098
2019-05-02 2:42,0.2466074,0.2452725
2019-05-02 2:43,0.2494409,0.2468076
2019-05-02 2:44,0.2463375,0.2531419
2019-05-02 2:45,0.2442291,0.2478926
2019-05-02 2:46,0.2489346,0.2474514
2019-05-02 2:47,0.2463134,0.2459754
2019-05-02 2:48,0.2458052,0.2451327
2019-05-02 2:49,0.2445334,0.2475157
2019-05-02 2:50,0.2451178,0.2493149
2019-05-02 2:51,0.2452602,0.2512231
2019-05-02 2:52,0.2432082,0.2526152
2019-05-02 2:53,0.244553,0.2527969
2019-05-02 2:54,0.2471215,0.2520891
2019-05-02 2:55,0.2456914,0.2509847
2019-05-02 2:56,0.2464053,0.2531383
2019-05-02 2:57,0.2470115,0.2558636
2019-05-02 2:58,0.2448501,0.2529829
2019-05-02 2:59,0.2471592,0.2563443
2019-05-02 3:00,0.2467597,0.2544274
2019-05-02 3:01,0.2453289,0.2548653
2019-05-02 3:02,0.2503145,0.2546869
2019-05-02 3:03,0.2463683,0.2560791
2019-05-02 3:04,0.2499583,0.2586962
2019-05-02 3:05,0.2491214,0.2588287
2019-05-02 3:06,0.2458261,0.2567327
2019-05-02 3:07,0.248353,0.2601185
2019-05-02 3:08,0.246516,0.2575764
2019-05-02 3:09,0.2487067,0.2600819
2019-05-02 3:10,0.2491368,0.261486
2019-05-02 3:11,0.2478297,0.2600895
2019-05-02 3:12,0.2465887,0.2612745
2019-05-02 3:13,0.2468971,0.2602984
2019-05-02 3:14,0.2475624,0.2610701
2019-05-02 3:15,0.2472761,0.259639
2019-05-02 3:16,0.2464789,0.2609429
2019-05-02 3:17,0.2485689,0.2627029
2019-05-02 3:18,0.2467173,0.2621446
2019-05-02 3:19,0.2497792,0.2638508
2019-05-02 3:20,0.2521139,0.2616415
2019-05-02 3:21,0.2520431,0.2626415
2019-05-02 3:22,0.2534298,0.2640387
2019-05-02 3:23,0.2502009,0.2629363
2019-05-02 3:24,0.2501694,0.2648807
2019-05-02 3:25,0.2496025,0.2620803
2019-05-02 3:26,0.246299,0.264904
2019-05-02 3:27,0.2484759,0.263697
2019-05-02 3:28,0.2481264,0.2629792
2019-05-02 3:29,0.2468359,0.261778
2019-05-02 3:30,0.2445858,0.260128
2019-05-02 3:31,0.2470462,0.2683063
2019-05-02 3:32,0.2475602,0.2643158
2019-05-02 3:33,0.2453906,0.2597651
2019-05-02 3:34,0.2458885,0.2576464
2019-05-02 3:35,0.2482097,0.2573763
2019-05-02 3:36,0.2457861,0.2566037
2019-05-02 3:37,0.247114,0.2585993
2019-05-02 3:38,0.2434779,0.2622541
2019-05-02 3:39,0.2426248,0.2663002
2019-05-02 3:40,0.2467745,0.271136
2019-05-02 3:41,0.2489489,0.2739175
2019-05-02 3:42,0.2445204,0.2801285
2019-05-02 3:43,0.2435202,0.280264
2019-05-02 3:44,0.2461311,0.2880177
2019-05-02 3:45,0.2461397,0.2849404
2019-05-02 3:46,0.2441897,0.2827627
2019-05-02 3:47,0.2484656,0.2859137
2019-05-02 3:48,0.249363,0.281274
2019-05-02 3:49,0.2503287,0.2839263
2019-05-02 3:50,0.2488662,0.2815959
2019-05-02 3:51,0.2471302,0.2801505
2019-05-02 3:52,0.2503405,0.2794732
2019-05-02 3:53,0.2488619,0.2769039
2019-05-02 3:54,0.251896,0.2777537
2019-05-02 3:55,0.2484318,0.275891
2019-05-02 3:56,0.2479516,0.2729405
2019-05-02 3:57,0.2458332,0.2730814
2019-05-02 3:58,0.2487465,0.2729886
2019-05-02 3:59,0.2467729,0.2788561
2019-05-02 4:00,0.2480021,0.271799
2019-05-02 4:01,0.2457664,0.2675827
2019-05-02 4:02,0.247682,0.2684457
2019-05-02 4:03,0.2480393,0.2653636
2019-05-02 4:04,0.2460423,0.2657518
2019-05-02 4:05,0.2477149,0.263502
2019-05-02 4:06,0.2447639,0.2634399
2019-05-02 4:07,0.2465122,0.2635311
2019-05-02 4:08,0.2450962,0.2604257
2019-05-02 4:09,0.2454653,0.2621771
2019-05-02 4:10,0.2452584,0.2612052
2019-05-02 4:11,0.245078,0.262725
2019-05-02 4:12,0.2434404,0.2622212
2019-05-02 4:13,0.2432508,0.2590548
2019-05-02 4:14,0.2453304,0.262158
2019-05-02 4:15,0.2426012,0.2606956
2019-05-02 4:16,0.2429502,0.261119
2019-05-02 4:17,0.2452061,0.2628372
2019-05-02 4:18,0.2452335,0.2593092
2019-05-02 4:19,0.2469983,0.2611541
2019-05-02 4:20,0.2485087,0.2579323
2019-05-02 4:21,0.2463326,0.2564719
2019-05-02 4:22,0.2453386,0.2560939
2019-05-02 4:23,0.2443097,0.2555151
2019-05-02 4:24,0.2444945,0.2554364
2019-05-02 4:25,0.247275,0.2535847
2019-05-02 4:26,0.2456632,0.2523143
2019-05-02 4:27,0.2464818,0.2590428
2019-05-02 4:28,0.2482076,0.2559312
2019-05-02 4:29,0.2458314,0.2669063
2019-05-02 4:30,0.2471791,0.26106
2019-05-02 4:31,0.2475081,0.2515411
2019-05-02 4:32,0.2473191,0.2492938
2019-05-02 4:33,0.2464657,0.2475187
2019-05-02 4:34,0.2462251,0.2479879
2019-05-02 4:35,0.2486634,0.2496827
2019-05-02 4:36,0.2466748,0.2485909
2019-05-02 4:37,0.2470615,0.2485455
2019-05-02 4:38,0.2473775,0.2460834
2019-05-02 4:39,0.2476462,0.2463914
2019-05-02 4:40,0.2451483,0.245762
2019-05-02 4:41,0.2462253,0.2486079
2019-05-02 4:42,0.2465457,0.2463867
2019-05-02 4:43,0.245554,0.2440051
2019-05-02 4:44,0.2489735,0.2468602
2019-05-02 4:45,0.2458934,0.2452079
2019-05-02 4:46,0.2452754,0.2453832
2019-05-02 4:47,0.2458514,0.2455347
2019-05-02 4:48,0.2446456,0.2433624
2019-05-02 4:49,0.2469256,0.2424238
2019-05-02 4:50,0.2446433,0.2424857
2019-05-02 4:51,0.2458735,0.2423638
2019-05-02 4:52,0.2456328,0.2423977
2019-05-02 4:53,0.2482216,0.2416121
2019-05-02 4:54,0.2477677,0.2426887
2019-05-02 4:55,0.246179,0.2417679
2019-05-02 4:56,0.2453834,0.241348
2019-05-02 4:57,0.2436839,0.2396838
2019-05-02 4:58,0.2545319,0.2409662
2019-05-02 4:59,0.2428664,0.2428451
2019-05-02 5:00,0.2468088,0.2407551
2019-05-02 5:01,0.2461762,0.2410986
2019-05-02 5:02,0.2442833,0.2411396
2019-05-02 5:03,0.2435188,0.2416675
2019-05-02 5:04,0.2433328,0.2401945
2019-05-02 5:05,0.2452133,0.2402904
2019-05-02 5:06,0.2442787,0.2384616
2019-05-02 5:07,0.2426038,0.2417191
2019-05-02 5:08,0.2420338,0.2426477
2019-05-02 5:09,0.24489,0.2391015
2019-05-02 5:10,0.242331,0.236351
2019-05-02 5:11,0.2418722,0.2366862
2019-05-02 5:12,0.2394907,0.2374076
2019-05-02 5:13,0.2455084,0.2363265
2019-05-02 5:14,0.2505363,0.2378682
2019-05-02 5:15,0.2516173,0.2371477
2019-05-02 5:16,0.2499937,0.2362074
2019-05-02 5:17,0.2508883,0.2364765
2019-05-02 5:18,0.2464574,0.2357962
2019-05-02 5:19,0.2502097,0.2388323
2019-05-02 5:20,0.247687,0.2369097
2019-05-02 5:21,0.2436972,0.2360839
2019-05-02 5:22,0.2436037,0.2375527
2019-05-02 5:23,0.2450879,0.2360483
2019-05-02 5:24,0.2455878,0.2377573
2019-05-02 5:25,0.2439514,0.2361222
2019-05-02 5:26,0.244698,0.2475071
2019-05-02 5:27,0.2435713,0.2506538
2019-05-02 5:28,0.2440921,0.2401411
2019-05-02 5:29,0.2437624,0.2392879
2019-05-02 5:30,0.2436578,0.2362072
2019-05-02 5:31,0.2406677,0.2330996
2019-05-02 5:32,0.2421647,0.2330831
2019-05-02 5:33,0.2408044,0.2315387
2019-05-02 5:34,0.2653469,0.2344599
2019-05-02 5:35,0.2467909,0.2349062
2019-05-02 5:36,0.2418547,0.234204
2019-05-02 5:37,0.2438808,0.2334876
2019-05-02 5:38,0.2414306,0.2331302
2019-05-02 5:39,0.2395091,0.239368
2019-05-02 5:40,0.2404288,0.2483534
2019-05-02 5:41,0.2412662,0.2440457
2019-05-02 5:42,0.2412045,0.2363559
2019-05-02 5:43,0.2391263,0.2319659
2019-05-02 5:44,0.2407124,0.2311737
2019-05-02 5:45,0.239811,0.2302306
2019-05-02 5:46,0.2440284,0.2297823
2019-05-02 5:47,0.2387353,0.2308539
2019-05-02 5:48,0.240292,0.2298424
2019-05-02 5:49,0.237626,0.2301321
2019-05-02 5:50,0.2371583,0.2295132
2019-05-02 5:51,0.2371872,0.235369
2019-05-02 5:52,0.2382071,0.2327739
2019-05-02 5:53,0.2383861,0.2291244
2019-05-02 5:54,0.239329,0.2304852
2019-05-02 5:55,0.237081,0.2286668
2019-05-02 5:56,0.2372953,0.2263667
2019-05-02 5:57,0.2387926,0.2269772
2019-05-02 5:58,0.2362413,0.2281406
2019-05-02 5:59,0.2395508,0.2296162
2019-05-02 6:00,0.2375092,0.2278495
2019-05-02 6:01,0.2357246,0.2276817
2019-05-02 6:02,0.2366519,0.2259231
2019-05-02 6:03,0.2365071,0.2255536
2019-05-02 6:04,0.2375275,0.2261493
2019-05-02 6:05,0.2367529,0.2258013
2019-05-02 6:06,0.2349605,0.2243916
2019-05-02 6:07,0.2378873,0.2260631
2019-05-02 6:08,0.2354596,0.2245542
2019-05-02 6:09,0.2401238,0.2257402
2019-05-02 6:10,0.2337834,0.2221963
2019-05-02 6:11,0.2357165,0.2227644
2019-05-02 6:12,0.2376103,0.2248346
2019-05-02 6:13,0.2363846,0.2231487
2019-05-02 6:14,0.2353714,0.2248724
2019-05-02 6:15,0.234837,0.222603
2019-05-02 6:16,0.2360215,0.222586
2019-05-02 6:17,0.2353545,0.2217219
2019-05-02 6:18,0.2346561,0.2224828
2019-05-02 6:19,0.2338583,0.2215473
2019-05-02 6:20,0.2678147,0.2224655
2019-05-02 6:21,0.2409898,0.2213898
2019-05-02 6:22,0.2351397,0.2247254
2019-05-02 6:23,0.2351565,0.2220579
2019-05-02 6:24,0.2344887,0.2237309
2019-05-02 6:25,0.2352695,0.2206628
2019-05-02 6:26,0.234039,0.2250549
2019-05-02 6:27,0.2332535,0.221434
2019-05-02 6:28,0.2326759,0.2197942
2019-05-02 6:29,0.2342406,0.2194721
2019-05-02 6:30,0.2342583,0.218368
2019-05-02 6:31,0.2315426,0.218927
2019-05-02 6:32,0.2325639,0.220059
2019-05-02 6:33,0.2312741,0.218614
2019-05-02 6:34,0.2337776,0.2204323
2019-05-02 6:35,0.232558,0.2189851
2019-05-02 6:36,0.2337734,0.2194034
2019-05-02 6:37,0.2316757,0.2184751
2019-05-02 6:38,0.229528,0.2192747
2019-05-02 6:39,0.2325894,0.2192138
2019-05-02 6:40,0.234354,0.2174124
2019-05-02 6:41,0.2357017,0.2156934
2019-05-02 6:42,0.2325205,0.2172543
2019-05-02 6:43,0.2324248,0.2158319
2019-05-02 6:44,0.2332751,0.2207569
2019-05-02 6:45,0.2321295,0.2178876
2019-05-02 6:46,0.2332555,0.2189537
2019-05-02 6:47,0.2322744,0.2168681
2019-05-02 6:48,0.2298545,0.2162402
2019-05-02 6:49,0.2329607,0.2189508
2019-05-02 6:50,0.2306714,0.2160833
2019-05-02 6:51,0.2335976,0.2165873
2019-05-02 6:52,0.2368626,0.2179908
2019-05-02 6:53,0.2318068,0.2166514
2019-05-02 6:54,0.2333556,0.2158588
2019-05-02 6:55,0.2324574,0.2158955
2019-05-02 6:56,0.2293863,0.2144775
2019-05-02 6:57,0.2294468,0.2149403
2019-05-02 6:58,0.2303125,0.2155581
2019-05-02 6:59,0.2282764,0.2167971
2019-05-02 7:00,0.2316978,0.2143412
2019-05-02 7:01,0.229397,0.2134176
2019-05-02 7:02,0.2303717,0.2148846
2019-05-02 7:03,0.2287499,0.2124969
2019-05-02 7:04,0.2279159,0.2120982
2019-05-02 7:05,0.2309661,0.2133636
2019-05-02 7:06,0.2314488,0.2140057
2019-05-02 7:07,0.2288124,0.213471
2019-05-02 7:08,0.2314434,0.2169949
2019-05-02 7:09,0.2271315,0.2163591
2019-05-02 7:10,0.2273743,0.214861
2019-05-02 7:11,0.2272314,0.2136761
2019-05-02 7:12,0.2279645,0.2136363
2019-05-02 7:13,0.2279082,0.2135036
2019-05-02 7:14,0.2308204,0.2137315
2019-05-02 7:15,0.2257005,0.2121795
2019-05-02 7:16,0.2302954,0.2125736
2019-05-02 7:17,0.2279623,0.2135932
2019-05-02 7:18,0.2290503,0.2113997
2019-05-02 7:19,0.228263,0.2109375
2019-05-02 7:20,0.2292618,0.2100966
2019-05-02 7:21,0.2327238,0.2103396
2019-05-02 7:22,0.2329544,0.2110631
2019-05-02 7:23,0.2318783,0.2104964
2019-05-02 7:24,0.2328435,0.210632
2019-05-02 7:25,0.2331967,0.2104513
2019-05-02 7:26,0.229119,0.2107776
2019-05-02 7:27,0.22797,0.210741
2019-05-02 7:28,0.2284263,0.2087334
2019-05-02 7:29,0.2261937,0.2107634
2019-05-02 7:30,0.2252332,0.2094659
2019-05-02 7:31,0.2272709,0.2079035
2019-05-02 7:32,0.225225,0.2114014
2019-05-02 7:33,0.2255251,0.2075343
2019-05-02 7:34,0.2254577,0.2072928
2019-05-02 7:35,0.2258388,0.2079832
2019-05-02 7:36,0.2259923,0.2065798
2019-05-02 7:37,0.2261301,0.2068009
2019-05-02 7:38,0.2278549,0.2064714
2019-05-02 7:39,0.2257698,0.2065777
2019-05-02 7:40,0.2269612,0.2068124
2019-05-02 7:41,0.2268541,0.213671
2019-05-02 7:42,0.2415258,0.2761643
2019-05-02 7:43,0.2274205,0.2715979
2019-05-02 7:44,0.2256157,0.2413965
2019-05-02 7:45,0.2249808,0.2195621
2019-05-02 7:46,0.2246235,0.2124408
2019-05-02 7:47,0.2247081,0.2091487
2019-05-02 7:48,0.2300481,0.2079014
2019-05-02 7:49,0.2250513,0.2047903
2019-05-02 7:50,0.2248547,0.2050561
2019-05-02 7:51,0.2235643,0.2041171
2019-05-02 7:52,0.2257652,0.2037473
2019-05-02 7:53,0.2230112,0.2036314
2019-05-02 7:54,0.225969,0.2046348
2019-05-02 7:55,0.224248,0.2022972
2019-05-02 7:56,0.2221638,0.2005554
2019-05-02 7:57,0.2226729,0.2014373
2019-05-02 7:58,0.2213395,0.2011313
2019-05-02 7:59,0.2224471,0.2009949
2019-05-02 8:00,0.2232784,0.2006065
2019-05-02 8:01,0.2231718,0.2032107
2019-05-02 8:02,0.2219622,0.1999344
2019-05-02 8:03,0.224556,0.1974737
2019-05-02 8:04,0.2226266,0.1992899
2019-05-02 8:05,0.2242706,0.2011821
2019-05-02 8:06,0.2219626,0.199359
2019-05-02 8:07,0.2222598,0.1974326
2019-05-02 8:08,0.2187818,0.1977361
2019-05-02 8:09,0.22033,0.1969935
2019-05-02 8:10,0.2218772,0.1960645
2019-05-02 8:11,0.2182164,0.1968919
2019-05-02 8:12,0.2223089,0.3999838
2019-05-02 8:13,0.2220512,0.6118621
2019-05-02 8:14,0.2213341,0.4674605
2019-05-02 8:15,0.2213935,0.3194408
2019-05-02 8:16,0.2202671,0.2510673
2019-05-02 8:17,0.2621843,0.220366
2019-05-02 8:18,0.2254201,0.2122385
2019-05-02 8:19,0.2224661,0.2089818
2019-05-02 8:20,0.2206382,0.2041729
2019-05-02 8:21,0.2206002,0.2015946
2019-05-02 8:22,0.2210661,0.2107354
2019-05-02 8:23,0.2189296,0.2033129
2019-05-02 8:24,0.2214856,0.2018634
2019-05-02 8:25,0.2208279,0.1999452
2019-05-02 8:26,0.2215239,0.1993303
2019-05-02 8:27,0.2207388,0.1987937
2019-05-02 8:28,0.2205156,0.1971178
2019-05-02 8:29,0.2166598,0.2005002
2019-05-02 8:30,0.2210774,0.1986777
2019-05-02 8:31,0.2198068,0.1998176
2019-05-02 8:32,0.2195657,0.1977732
2019-05-02 8:33,0.2200551,0.1943518
2019-05-02 8:34,0.2198838,0.1970708
2019-05-02 8:35,0.2194299,0.1952742
2019-05-02 8:36,0.219259,0.1947936
2019-05-02 8:37,0.2192037,0.1946442
2019-05-02 8:38,0.2197534,0.1934591
2019-05-02 8:39,0.2185119,0.1937784
2019-05-02 8:40,0.2224234,0.1939279
2019-05-02 8:41,0.2252529,0.1941655
2019-05-02 8:42,0.2264293,0.1955165
2019-05-02 8:43,0.2233428,0.1944124
2019-05-02 8:44,0.2193762,0.1943327
2019-05-02 8:45,0.2232504,0.1930617
2019-05-02 8:46,0.220432,0.1910799
2019-05-02 8:47,0.2201728,0.1934074
2019-05-02 8:48,0.2216503,0.1922293
2019-05-02 8:49,0.2202135,0.1931428
2019-05-02 8:50,0.2191903,0.1932753
2019-05-02 8:51,0.218701,0.1908787
2019-05-02 8:52,0.2197469,0.1938602
2019-05-02 8:53,0.2196355,0.1910492
2019-05-02 8:54,0.2179753,0.1919719
2019-05-02 8:55,0.2167841,0.191668
2019-05-02 8:56,0.2170625,0.1897394
2019-05-02 8:57,0.2165472,0.1906012
2019-05-02 8:58,0.2188447,0.1900921
2019-05-02 8:59,0.2164646,0.191271
2019-05-02 9:00,0.2170818,0.1913775
2019-05-02 9:01,0.2172323,0.190789
2019-05-02 9:02,0.215874,0.191415
2019-05-02 9:03,0.2161276,0.1901783
2019-05-02 9:04,0.2168303,0.1916274
2019-05-02 9:05,0.2159014,0.1917509
2019-05-02 9:06,0.2170492,0.1924965
2019-05-02 9:07,0.2180461,0.1908246
2019-05-02 9:08,0.2163573,0.1926007
2019-05-02 9:09,0.2182348,0.1933866
2019-05-02 9:10,0.2172695,0.1923417
2019-05-02 9:11,0.2164829,0.1927466
2019-05-02 9:12,0.2161615,0.1931119
2019-05-02 9:13,0.2180368,0.1904354
2019-05-02 9:14,0.2183182,0.1916627
2019-05-02 9:15,0.218054,0.1923781
2019-05-02 9:16,0.2188871,0.1925572
2019-05-02 9:17,0.2179628,0.1934253
2019-05-02 9:18,0.2188559,0.1926349
2019-05-02 9:19,0.2399911,0.1936312
2019-05-02 9:20,0.2469326,0.1934651
2019-05-02 9:21,0.2330805,0.1933154
2019-05-02 9:22,0.2285567,0.1923294
2019-05-02 9:23,0.2249484,0.1942357
2019-05-02 9:24,0.223749,0.1968674
2019-05-02 9:25,0.2217297,0.1950988
2019-05-02 9:26,0.2197742,0.1949116
2019-05-02 9:27,0.2221588,0.1940235
2019-05-02 9:28,0.2213983,0.1941622
2019-05-02 9:29,0.2208228,0.1948278
2019-05-02 9:30,0.2290963,0.1940086
2019-05-02 9:31,0.2236632,0.1938144
2019-05-02 9:32,0.2231331,0.1950874
2019-05-02 9:33,0.2207718,0.1934894
2019-05-02 9:34,0.219927,0.1957009
2019-05-02 9:35,0.2182623,0.1979671
2019-05-02 9:36,0.2196493,0.1958198
2019-05-02 9:37,0.2198003,0.197374
2019-05-02 9:38,0.2206603,0.1967142
2019-05-02 9:39,0.2214867,0.1959452
2019-05-02 9:40,0.2203272,0.1945286
2019-05-02 9:41,0.2189523,0.1942048
2019-05-02 9:42,0.222228,0.1947391
2019-05-02 9:43,0.2196832,0.193613
2019-05-02 9:44,0.2209722,0.1963995
2019-05-02 9:45,0.2220776,0.1967295
2019-05-02 9:46,0.2219847,0.1967915
2019-05-02 9:47,0.2234867,0.196364
2019-05-02 9:48,0.222763,0.1958252
2019-05-02 9:49,0.2234489,0.196518
2019-05-02 9:50,0.2220538,0.1967874
2019-05-02 9:51,0.2204704,0.198002
2019-05-02 9:52,0.2218751,0.1997428
2019-05-02 9:53,0.2205809,0.2009897
2019-05-02 9:54,0.2240781,0.199433
2019-05-02 9:55,0.2219786,0.1983598
2019-05-02 9:56,0.2225668,0.1985248
2019-05-02 9:57,0.2235748,0.1991676
2019-05-02 9:58,0.2244943,0.1996544
2019-05-02 9:59,0.2237619,0.2013422
2019-05-02 10:00,0.2243269,0.2009746
2019-05-02 10:01,0.2231716,0.2011592
2019-05-02 10:02,0.2233079,0.2009052
2019-05-02 10:03,0.2237572,0.2010985
2019-05-02 10:04,0.2220236,0.2024844
2019-05-02 10:05,0.2234207,0.2017644
2019-05-02 10:06,0.2233489,0.2014679
2019-05-02 10:07,0.2232497,0.2019552
2019-05-02 10:08,0.2221586,0.2014326
2019-05-02 10:09,0.2223827,0.2038862
2019-05-02 10:10,0.2226699,0.2022978
2019-05-02 10:11,0.2221047,0.2022334
2019-05-02 10:12,0.2235128,0.201087
2019-05-02 10:13,0.2228253,0.2012378
2019-05-02 10:14,0.2228253,0.2012378
2019-05-02 10:15,0.2228253,0.2012378
2019-05-02 10:16,0.2228253,0.2012378
2019-05-02 10:17,0.2228253,0.2012378
2019-05-02 10:18,0.2228253,0.2012378
2019-05-02 10:19,0.2228253,0.2012378
2019-05-02 10:20,0.2228253,0.2012378
2019-05-02 10:21,0.2228253,0.2012378
2019-05-02 10:22,0.2228253,0.2012378
2019-05-02 10:23,0.2228253,0.2012378
2019-05-02 10:24,0.2228253,0.2012378
2019-05-02 10:25,0.2228253,0.2012378
2019-05-02 10:26,0.2228253,0.2012378
2019-05-02 10:27,0.2228253,0.2012378
2019-05-02 10:28,0.2228253,0.2012378
2019-05-02 10:29,0.2228253,0.2012378
2019-05-02 10:30,0.2228253,0.2012378
2019-05-02 10:31,0.2228253,0.2012378
2019-05-02 10:32,0.2228253,0.2012378
2019-05-02 10:33,0.2228253,0.2012378
2019-05-02 10:34,0.2228253,0.2012378
2019-05-02 10:35,0.2228253,0.2012378
2019-05-02 10:36,0.2228253,0.2012378
2019-05-02 10:37,0.2228253,0.2012378
2019-05-02 10:38,0.2228253,0.2012378
2019-05-02 10:39,0.2228253,0.2012378
2019-05-02 10:40,0.2228253,0.2012378
2019-05-02 10:41,0.2228253,0.2012378
2019-05-02 10:42,0.2228253,0.2012378
2019-05-02 10:43,0.2228253,0.2012378
2019-05-02 10:44,0.2228253,0.2012378
2019-05-02 10:45,0.2228253,0.2012378
2019-05-02 10:46,0.2228253,0.2012378
2019-05-02 10:47,0.2228253,0.2012378
2019-05-02 10:48,0.2228253,0.2012378
2019-05-02 10:49,0.2228253,0.2012378
2019-05-02 10:50,0.2228253,0.2012378
2019-05-02 10:51,0.2228253,0.2012378
2019-05-02 10:52,0.2228253,0.2012378
2019-05-02 10:53,0.2228253,0.2012378
2019-05-02 10:54,0.2228253,0.2012378
2019-05-02 10:55,0.2228253,0.2012378
2019-05-02 10:56,0.2228253,0.2012378
2019-05-02 10:57,0.2228253,0.2012378
2019-05-02 10:58,0.2228253,0.2012378
2019-05-02 10:59,0.2228253,0.2012378
2019-05-02 11:00,0.2228253,0.2012378
2019-05-02 11:01,0.2228253,0.2012378
2019-05-02 11:02,0.2228253,0.2012378
2019-05-02 11:03,0.2228253,0.2012378
2019-05-02 11:04,0.2228253,0.2012378
2019-05-02 11:05,0.2228253,0.2012378
2019-05-02 11:06,0.2228253,0.2012378
2019-05-02 11:07,0.2228253,0.2012378
2019-05-02 11:08,0.2228253,0.2012378
2019-05-02 11:09,0.2228253,0.2012378
2019-05-02 11:10,0.2228253,0.2012378
2019-05-02 11:11,0.2228253,0.2012378
2019-05-02 11:12,0.2228253,0.2012378
2019-05-02 11:13,0.2228253,0.2012378
2019-05-02 11:14,0.2228253,0.2012378
2019-05-02 11:15,0.2228253,0.2012378
2019-05-02 11:16,0.2228253,0.2012378
2019-05-02 11:17,0.2228253,0.2012378
2019-05-02 11:18,0.2228253,0.2012378
2019-05-02 11:19,0.2228253,0.2012378
2019-05-02 11:20,0.2228253,0.2012378
2019-05-02 11:21,0.2228253,0.2012378
2019-05-02 11:22,0.2228253,0.2012378
2019-05-02 11:23,0.2228253,0.2012378
2019-05-02 11:24,0.2228253,0.2012378
2019-05-02 11:25,0.2228253,0.2012378
2019-05-02 11:26,0.2228253,0.2012378
2019-05-02 11:27,0.2228253,0.2012378
2019-05-02 11:28,0.2228253,0.2012378
2019-05-02 11:29,0.2228253,0.2012378
2019-05-02 11:30,0.2228253,0.2012378
2019-05-02 11:31,0.2228253,0.2012378
2019-05-02 11:32,0.2228253,0.2012378
2019-05-02 11:33,0.2228253,0.2012378
2019-05-02 11:34,0.2228253,0.2012378
2019-05-02 11:35,0.2228253,0.2012378
2019-05-02 11:36,0.2228253,0.2012378
2019-05-02 11:37,0.2228253,0.2012378
2019-05-02 11:38,0.2228253,0.2012378
2019-05-02 11:39,0.2228253,0.2012378
2019-05-02 11:40,0.2228253,0.2012378
2019-05-02 11:41,0.2228253,0.2012378
2019-05-02 11:42,0.2228253,0.2012378
2019-05-02 11:43,0.2228253,0.2012378
2019-05-02 11:44,0.2228253,0.2012378
2019-05-02 11:45,0.2228253,0.2012378
2019-05-02 11:46,0.2228253,0.2012378
2019-05-02 11:47,0.2228253,0.2012378
2019-05-02 11:48,0.2228253,0.2012378
2019-05-02 11:49,0.2228253,0.2012378
2019-05-02 11:50,0.2228253,0.2012378
2019-05-02 11:51,0.2228253,0.2012378
2019-05-02 11:52,0.2228253,0.2012378
2019-05-02 11:53,0.2228253,0.2012378
2019-05-02 11:54,0.2228253,0.2012378
2019-05-02 11:55,0.2228253,0.2012378
2019-05-02 11:56,0.2228253,0.2012378
2019-05-02 11:57,0.2228253,0.2012378
2019-05-02 11:58,0.2228253,0.2012378
2019-05-02 11:59,0.2228253,0.2012378
2019-05-02 12:00,0.2228253,0.2012378
2019-05-02 12:01,0.2228253,0.2012378
2019-05-02 12:02,0.2228253,0.2012378
2019-05-02 12:03,0.2228253,0.2012378
2019-05-02 12:04,0.2228253,0.2012378
2019-05-02 12:05,0.2228253,0.2012378
2019-05-02 12:06,0.2228253,0.2012378
2019-05-02 12:07,0.2228253,0.2012378
2019-05-02 12:08,0.2228253,0.2012378
2019-05-02 12:09,0.2228253,0.2012378
2019-05-02 12:10,0.2228253,0.2012378
2019-05-02 12:11,0.2228253,0.2012378
2019-05-02 12:12,0.2228253,0.2012378
2019-05-02 12:13,0.2228253,0.2012378
2019-05-02 12:14,0.2228253,0.2012378
2019-05-02 12:15,0.2228253,0.2012378
2019-05-02 12:16,0.2228253,0.2012378
2019-05-02 12:17,0.2228253,0.2012378
2019-05-02 12:18,0.2228253,0.2012378
2019-05-02 12:19,0.2228253,0.2012378
2019-05-02 12:20,0.2228253,0.2012378
2019-05-02 12:21,0.2228253,0.2012378
2019-05-02 12:22,0.2228253,0.2012378
2019-05-02 12:23,0.2228253,0.2012378
2019-05-02 12:24,0.2228253,0.2012378
2019-05-02 12:25,0.2228253,0.2012378
2019-05-02 12:26,0.2228253,0.2012378
2019-05-02 12:27,0.2228253,0.2012378
2019-05-02 12:28,0.2228253,0.2012378
2019-05-02 12:29,0.2228253,0.2012378
2019-05-02 12:30,0.2228253,0.2012378
2019-05-02 12:31,0.2228253,0.2012378
2019-05-02 12:32,0.2228253,0.2012378
2019-05-02 12:33,0.2228253,0.2012378
2019-05-02 12:34,0.2228253,0.2012378
2019-05-02 12:35,0.2228253,0.2012378
2019-05-02 12:36,0.2228253,0.2012378
2019-05-02 12:37,0.2228253,0.2012378
2019-05-02 12:38,0.2228253,0.2012378
2019-05-02 12:39,0.2228253,0.2012378
2019-05-02 12:40,0.2228253,0.2012378
2019-05-02 12:41,0.2228253,0.2012378
2019-05-02 12:42,0.2228253,0.2012378
2019-05-02 12:43,0.2228253,0.2012378
2019-05-02 12:44,0.2228253,0.2012378
2019-05-02 12:45,0.2228253,0.2012378
2019-05-02 12:46,0.2228253,0.2012378
2019-05-02 12:47,0.2228253,0.2012378
2019-05-02 12:48,0.2228253,0.2012378
2019-05-02 12:49,0.2228253,0.2012378
2019-05-02 12:50,0.2228253,0.2012378
2019-05-02 12:51,0.2228253,0.2012378
2019-05-02 12:52,0.2228253,0.2012378
2019-05-02 12:53,0.2228253,0.2012378
2019-05-02 12:54,0.2228253,0.2012378
2019-05-02 12:55,0.2228253,0.2012378
2019-05-02 12:56,0.2228253,0.2012378
2019-05-02 12:57,0.2228253,0.2012378
2019-05-02 12:58,0.2228253,0.2012378
2019-05-02 12:59,0.2228253,0.2012378
2019-05-02 13:00,0.2228253,0.2012378
2019-05-02 13:01,0.2228253,0.2012378
2019-05-02 13:02,0.2228253,0.2012378
2019-05-02 13:03,0.2228253,0.2012378
2019-05-02 13:04,0.2228253,0.2012378
2019-05-02 13:05,0.2228253,0.2012378
2019-05-02 13:06,0.2228253,0.2012378
2019-05-02 13:07,0.2228253,0.2012378
2019-05-02 13:08,0.2228253,0.2012378
2019-05-02 13:09,0.2228253,0.2012378
2019-05-02 13:10,0.2228253,0.2012378
2019-05-02 13:11,0.2228253,0.2012378
2019-05-02 13:12,0.2228253,0.2012378
2019-05-02 13:13,0.2228253,0.2012378
2019-05-02 13:14,0.2228253,0.2012378
2019-05-02 13:15,0.2228253,0.2012378
2019-05-02 13:16,0.2228253,0.2012378
2019-05-02 13:17,0.2228253,0.2012378
2019-05-02 13:18,0.2228253,0.2621688
2019-05-02 13:19,0.2228253,0.2622165
2019-05-02 13:20,0.2228253,0.2622935
2019-05-02 13:21,0.2228253,0.2613983
2019-05-02 13:22,0.2228253,0.2629692
2019-05-02 13:23,0.2228253,0.262475
2019-05-02 13:24,0.2228253,0.2624815
2019-05-02 13:25,0.2228253,0.2635347
2019-05-02 13:26,0.2228253,0.2637634
2019-05-02 13:27,0.2228253,0.2643208
2019-05-02 13:28,0.2228253,0.2657699
2019-05-02 13:29,0.2228253,0.2664053
2019-05-02 13:30,0.2228253,0.2646931
2019-05-02 13:31,0.2228253,0.2660822
2019-05-02 13:32,0.2228253,0.264513
2019-05-02 13:33,0.2228253,0.2654839
2019-05-02 13:34,0.2228253,0.2662389
2019-05-02 13:35,0.2228253,0.2689066
2019-05-02 13:36,0.2228253,0.2702106
2019-05-02 13:37,0.2228253,0.2735423
2019-05-02 13:38,0.2228253,0.273302
2019-05-02 13:39,0.2228253,0.2723243
2019-05-02 13:40,0.2228253,0.2733023
2019-05-02 13:41,0.2228253,0.2737603
2019-05-02 13:42,0.2228253,0.2758181
2019-05-02 13:43,0.2228253,0.2778085
2019-05-02 13:44,0.2228253,0.2780837
2019-05-02 13:45,0.2228253,0.2800575
2019-05-02 13:46,0.2228253,0.2771797
2019-05-02 13:47,0.2228253,0.2783739
2019-05-02 13:48,0.2228253,0.2778725
2019-05-02 13:49,0.2228253,0.2790804
2019-05-02 13:50,0.2228253,0.2823953
2019-05-02 13:51,0.2228253,0.2812077
2019-05-02 13:52,0.2228253,0.2822727
2019-05-02 13:53,0.2228253,0.281229
2019-05-02 13:54,0.2228253,0.2843606
2019-05-02 13:55,0.2228253,0.2848623
2019-05-02 13:56,0.2228253,0.2835498
2019-05-02 13:57,0.2228253,0.2838369
2019-05-02 13:58,0.2228253,0.2828648
2019-05-02 13:59,0.2228253,0.2842222
2019-05-02 14:00,0.2228253,0.2834334
2019-05-02 14:01,0.2228253,0.285131
2019-05-02 14:02,0.2228253,0.2866762
2019-05-02 14:03,0.2228253,0.2876544
2019-05-02 14:04,0.2228253,0.2882183
2019-05-02 14:05,0.2228253,0.2899619
2019-05-02 14:06,0.2228253,0.2876062
2019-05-02 14:07,0.2228253,0.2921121
2019-05-02 14:08,0.2228253,0.294586
2019-05-02 14:09,0.2228253,0.2926417
2019-05-02 14:10,0.2228253,0.2914826
2019-05-02 14:11,0.2228253,0.2915111
2019-05-02 14:12,0.2228253,0.2933438
2019-05-02 14:13,0.2228253,0.2937199
2019-05-02 14:14,0.2228253,0.2943939
2019-05-02 14:15,0.2228253,0.2933319
2019-05-02 14:16,0.2228253,0.3263299
2019-05-02 14:17,0.2228253,0.3979934
2019-05-02 14:18,0.2228253,0.3650488
2019-05-02 14:19,0.2228253,0.3245397
2019-05-02 14:20,0.2228253,0.3045633
2019-05-02 14:21,0.2228253,0.2981199
2019-05-02 14:22,0.2228253,0.2986273
2019-05-02 14:23,0.2228253,0.2986944
2019-05-02 14:24,0.2228253,0.2968092
2019-05-02 14:25,0.2228253,0.2960998
2019-05-02 14:26,0.2228253,0.2966549
2019-05-02 14:27,0.2228253,0.2956601
2019-05-02 14:28,0.2228253,0.2980856
2019-05-02 14:29,0.2228253,0.2960229
2019-05-02 14:30,0.2228253,0.2943218
2019-05-02 14:31,0.2228253,0.2926135
2019-05-02 14:32,0.2228253,0.2945252
2019-05-02 14:33,0.2228253,0.2955983
2019-05-02 14:34,0.2228253,0.2927245
2019-05-02 14:35,0.2228253,0.292329
2019-05-02 14:36,0.2228253,0.2918206
2019-05-02 14:37,0.2228253,0.2948152
2019-05-02 14:38,0.2228253,0.2931987
2019-05-02 14:39,0.2228253,0.2935312
2019-05-02 14:40,0.2228253,0.2941525
2019-05-02 14:41,0.2228253,0.2914115
2019-05-02 14:42,0.2228253,0.2922243
2019-05-02 14:43,0.2228253,0.2938821
2019-05-02 14:44,0.2228253,0.2991019
2019-05-02 14:45,0.2228253,0.2997957
2019-05-02 14:46,0.2228253,0.2957472
2019-05-02 14:47,0.2228253,0.2944654
2019-05-02 14:48,0.2228253,0.2903027
2019-05-02 14:49,0.2228253,0.2876031
2019-05-02 14:50,0.2228253,0.289865
2019-05-02 14:51,0.2228253,0.2893135
2019-05-02 14:52,0.2228253,0.2927297
2019-05-02 14:53,0.2228253,0.2936514
2019-05-02 14:54,0.2228253,0.2945432
2019-05-02 14:55,0.2228253,0.2944793
2019-05-02 14:56,0.2228253,0.2918539
2019-05-02 14:57,0.2228253,0.2938735
2019-05-02 14:58,0.2228253,0.2927238
2019-05-02 14:59,0.2228253,0.2918697
2019-05-02 15:00,0.2228253,0.2930267
2019-05-02 15:01,0.2228253,0.2905046
2019-05-02 15:02,0.2228253,0.2894448
2019-05-02 15:03,0.2228253,0.2876604
2019-05-02 15:04,0.2228253,0.2858518
2019-05-02 15:05,0.2228253,0.2863506
2019-05-02 15:06,0.2228253,0.284081
2019-05-02 15:07,0.2228253,0.2866052
2019-05-02 15:08,0.2228253,0.2872939
2019-05-02 15:09,0.2228253,0.2879531
2019-05-02 15:10,0.2228253,0.2917998
2019-05-02 15:11,0.2228253,0.2906149
2019-05-02 15:12,0.2228253,0.2929891
2019-05-02 15:13,0.2228253,0.2899745
2019-05-02 15:14,0.2228253,0.2905293
2019-05-02 15:15,0.2228253,0.2924274
2019-05-02 15:16,0.2228253,0.2907555
2019-05-02 15:17,0.2228253,0.2962622
2019-05-02 15:18,0.2228253,0.2959959
2019-05-02 15:19,0.2228253,0.2915053
2019-05-02 15:20,0.2228253,0.2898378
2019-05-02 15:21,0.2228253,0.2864394
2019-05-02 15:22,0.2228253,0.285602
2019-05-02 15:23,0.2228253,0.282713
2019-05-02 15:24,0.2228253,0.2802702
2019-05-02 15:25,0.2228253,0.2811539
2019-05-02 15:26,0.2228253,0.2803618
2019-05-02 15:27,0.2228253,0.283025
2019-05-02 15:28,0.2228253,0.2868706
2019-05-02 15:29,0.2228253,0.29106
2019-05-02 15:30,0.2228253,0.2961589
2019-05-02 15:31,0.2228253,0.302528
2019-05-02 15:32,0.2228253,0.3073312
2019-05-02 15:33,0.2228253,0.3046695
2019-05-02 15:34,0.2228253,0.3010289
2019-05-02 15:35,0.2228253,0.2996568
2019-05-02 15:36,0.2228253,0.2973993
2019-05-02 15:37,0.2228253,0.2964005
2019-05-02 15:38,0.2228253,0.2919568
2019-05-02 15:39,0.2228253,0.2923643
2019-05-02 15:40,0.2228253,0.2910949
2019-05-02 15:41,0.2228253,0.2939421
2019-05-02 15:42,0.2228253,0.2985219
2019-05-02 15:43,0.2228253,0.299276
2019-05-02 15:44,0.2228253,0.3012971
2019-05-02 15:45,0.2228253,0.3031411
2019-05-02 15:46,0.2228253,0.3001485
2019-05-02 15:47,0.2228253,0.2991405
2019-05-02 15:48,0.2228253,0.2967019
2019-05-02 15:49,0.2228253,0.2935283
2019-05-02 15:50,0.2228253,0.2908022
2019-05-02 15:51,0.2228253,0.2875492
2019-05-02 15:52,0.2228253,0.2877522
2019-05-02 15:53,0.2228253,0.2830316
2019-05-02 15:54,0.2228253,0.2827113
2019-05-02 15:55,0.2228253,0.2831313
2019-05-02 15:56,0.2228253,0.2807916
2019-05-02 15:57,0.2228253,0.279766
2019-05-02 15:58,0.2228253,0.2761632
2019-05-02 15:59,0.2228253,0.2739213
2019-05-02 16:00,0.2228253,0.2736685
2019-05-02 16:01,0.2228253,0.2722125
2019-05-02 16:02,0.2228253,0.2738131
2019-05-02 16:03,0.2228253,0.2740554
2019-05-02 16:04,0.2228253,0.2741744
2019-05-02 16:05,0.2228253,0.2775156
2019-05-02 16:06,0.2228253,0.2753451
2019-05-02 16:07,0.2228253,0.2756616
2019-05-02 16:08,0.2228253,0.2735764
2019-05-02 16:09,0.2228253,0.275301
2019-05-02 16:10,0.2228253,0.2759614
2019-05-02 16:11,0.2228253,0.2754013
2019-05-02 16:12,0.2228253,0.2757106
2019-05-02 16:13,0.2228253,0.2748076
2019-05-02 16:14,0.2228253,0.2751501
2019-05-02 16:15,0.2228253,0.2746565
2019-05-02 16:16,0.2228253,0.273218
2019-05-02 16:17,0.2228253,0.2763498
2019-05-02 16:18,0.2228253,0.2712858
2019-05-02 16:19,0.2228253,0.2714235
2019-05-02 16:20,0.2228253,0.274599
2019-05-02 16:21,0.2228253,0.273238
2019-05-02 16:22,0.2228253,0.27366
2019-05-02 16:23,0.2228253,0.2736222
2019-05-02 16:24,0.2228253,0.2736447
2019-05-02 16:25,0.2228253,0.2731124
2019-05-02 16:26,0.2228253,0.2737595
2019-05-02 16:27,0.2228253,0.275727
2019-05-02 16:28,0.2228253,0.2741269
2019-05-02 16:29,0.2228253,0.2736289
2019-05-02 16:30,0.2228253,0.2747928
2019-05-02 16:31,0.2228253,0.2742574
2019-05-02 16:32,0.2228253,0.2754289
2019-05-02 16:33,0.2228253,0.2750058
2019-05-02 16:34,0.2228253,0.2740073
2019-05-02 16:35,0.2228253,0.271937
2019-05-02 16:36,0.2228253,0.2699507
2019-05-02 16:37,0.2228253,0.2718295
2019-05-02 16:38,0.2228253,0.2706641
2019-05-02 16:39,0.2228253,0.2696777
2019-05-02 16:40,0.2228253,0.2693194
2019-05-02 16:41,0.2228253,0.268194
2019-05-02 16:42,0.2228253,0.2694153
2019-05-02 16:43,0.2228253,0.2697812
2019-05-02 16:44,0.2228253,0.2690975
2019-05-02 16:45,0.2228253,0.271461
2019-05-02 16:46,0.2228253,0.2702588
2019-05-02 16:47,0.2228253,0.272651
2019-05-02 16:48,0.2228253,0.2716492
2019-05-02 16:49,0.2228253,0.2690995
2019-05-02 16:50,0.2228253,0.2696635
2019-05-02 16:51,0.2228253,0.2668058
2019-05-02 16:52,0.2228253,0.2694212
2019-05-02 16:53,0.2228253,0.2675858
2019-05-02 16:54,0.2228253,0.2679465
2019-05-02 16:55,0.2228253,0.2679609
2019-05-02 16:56,0.2228253,0.2669673
2019-05-02 16:57,0.2228253,0.269088
2019-05-02 16:58,0.2228253,0.266724
2019-05-02 16:59,0.2228253,0.267623
2019-05-02 17:00,0.2228253,0.2694189
2019-05-02 17:01,0.2228253,0.2657562
2019-05-02 17:02,0.2228253,0.2661803
2019-05-02 17:03,0.2228253,0.2660482
2019-05-02 17:04,0.2228253,0.265516
2019-05-02 17:05,0.2228253,0.2680177
2019-05-02 17:06,0.2228253,0.2667792
2019-05-02 17:07,0.2228253,0.2692643
2019-05-02 17:08,0.2228253,0.2658705
2019-05-02 17:09,0.2228253,0.2677599
2019-05-02 17:10,0.2228253,0.2690434
2019-05-02 17:11,0.2228253,0.267459
2019-05-02 17:12,0.2228253,0.2666815
2019-05-02 17:13,0.2228253,0.2681267
2019-05-02 17:14,0.2228253,0.2677498
2019-05-02 17:15,0.2228253,0.2685581
2019-05-02 17:16,0.2228253,0.2664031
2019-05-02 17:17,0.2228253,0.2711123
2019-05-02 17:18,0.2228253,0.2676665
2019-05-02 17:19,0.2228253,0.2664642
2019-05-02 17:20,0.2228253,0.2651841
2019-05-02 17:21,0.2228253,0.2652822
2019-05-02 17:22,0.2228253,0.2675871
2019-05-02 17:23,0.2228253,0.2662363
2019-05-02 17:24,0.2228253,0.263791
2019-05-02 17:25,0.2228253,0.2646385
2019-05-02 17:26,0.2228253,0.2662874
2019-05-02 17:27,0.2228253,0.2662909
2019-05-02 17:28,0.2228253,0.2626144
2019-05-02 17:29,0.2228253,0.265435
2019-05-02 17:30,0.2228253,0.2642187
2019-05-02 17:31,0.2228253,0.2645033
2019-05-02 17:32,0.2228253,0.2649083
2019-05-02 17:33,0.2228253,0.2640377
2019-05-02 17:34,0.2228253,0.2633548
2019-05-02 17:35,0.2725853,0.2648828
2019-05-02 17:36,0.2732149,0.2623851
2019-05-02 17:37,0.2669723,0.2627683
2019-05-02 17:38,0.2662464,0.2620656
2019-05-02 17:39,0.268726,0.2624384
2019-05-02 17:40,0.2721912,0.2671197
2019-05-02 17:41,0.2682317,0.2635297
2019-05-02 17:42,0.2690453,0.2634815
2019-05-02 17:43,0.2687379,0.2636434
2019-05-02 17:44,0.2709569,0.264863
2019-05-02 17:45,0.2693428,0.2652699
2019-05-02 17:46,0.2694554,0.2664803
2019-05-02 17:47,0.2679077,0.2690021
2019-05-02 17:48,0.2682394,0.2678293
2019-05-02 17:49,0.2679887,0.2659682
2019-05-02 17:50,0.2674004,0.2683441
2019-05-02 17:51,0.2677467,0.2670035
2019-05-02 17:52,0.2663316,0.2686509
2019-05-02 17:53,0.2655353,0.2661752
2019-05-02 17:54,0.2672342,0.264204
2019-05-02 17:55,0.2690519,0.2625572
2019-05-02 17:56,0.2665747,0.2606703
2019-05-02 17:57,0.269908,0.2659142
2019-05-02 17:58,0.2671958,0.2636935
2019-05-02 17:59,0.2727825,0.2666125
2019-05-02 18:00,0.2676806,0.2658652
2019-05-02 18:01,0.2669208,0.2648773
2019-05-02 18:02,0.2648279,0.2658674
2019-05-02 18:03,0.2658853,0.2660288
2019-05-02 18:04,0.2681978,0.2667896
2019-05-02 18:05,0.2695561,0.2673087
2019-05-02 18:06,0.2695873,0.2631333
2019-05-02 18:07,0.2706006,0.2627409
2019-05-02 18:08,0.2669333,0.2619654
2019-05-02 18:09,0.2672774,0.264495
2019-05-02 18:10,0.2658477,0.2609485
2019-05-02 18:11,0.2683964,0.2609564
2019-05-02 18:12,0.2662451,0.2629709
2019-05-02 18:13,0.2672222,0.2629575
2019-05-02 18:14,0.2693021,0.2608144
2019-05-02 18:15,0.2669257,0.2613035
2019-05-02 18:16,0.2645425,0.2640195
2019-05-02 18:17,0.2680906,0.2653493
2019-05-02 18:18,0.2639942,0.2642628
2019-05-02 18:19,0.2650744,0.2648316
2019-05-02 18:20,0.2639826,0.2657206
2019-05-02 18:21,0.267639,0.2746679
2019-05-02 18:22,0.2639738,0.269575
2019-05-02 18:23,0.2713536,0.2698188
2019-05-02 18:24,0.2672378,0.2726422
2019-05-02 18:25,0.2646962,0.2682593
2019-05-02 18:26,0.2677725,0.2641087
2019-05-02 18:27,0.2672311,0.2642684
2019-05-02 18:28,0.2672339,0.2636431
2019-05-02 18:29,0.2668894,0.2666633
2019-05-02 18:30,0.2629541,0.2751122
2019-05-02 18:31,0.2646028,0.2703847
2019-05-02 18:32,0.2628213,0.2663046
2019-05-02 18:33,0.2626845,0.2638294
2019-05-02 18:34,0.2661827,0.2610995
2019-05-02 18:35,0.2650461,0.2632792
2019-05-02 18:36,0.2648834,0.264594
2019-05-02 18:37,0.2635997,0.2669039
2019-05-02 18:38,0.264967,0.2643319
2019-05-02 18:39,0.2646191,0.2644466
2019-05-02 18:40,0.2651393,0.2621103
2019-05-02 18:41,0.2634524,0.260248
2019-05-02 18:42,0.2646054,0.2612378
2019-05-02 18:43,0.2603571,0.258923
2019-05-02 18:44,0.263192,0.259283
2019-05-02 18:45,0.2652206,0.2593768
2019-05-02 18:46,0.2698686,0.2592543
2019-05-02 18:47,0.2703928,0.2605641
2019-05-02 18:48,0.2694202,0.2595173
2019-05-02 18:49,0.2690456,0.2598276
2019-05-02 18:50,0.2614162,0.2600921
2019-05-02 18:51,0.2652759,0.2598354
2019-05-02 18:52,0.264236,0.2595036
2019-05-02 18:53,0.2636762,0.2619117
2019-05-02 18:54,0.2639896,0.2614436
2019-05-02 18:55,0.263345,0.261351
2019-05-02 18:56,0.2664837,0.262179
2019-05-02 18:57,0.2657021,0.2633725
2019-05-02 18:58,0.2654684,0.2630751
2019-05-02 18:59,0.2648647,0.2620318
2019-05-02 19:00,0.2622066,0.2612308
2019-05-02 19:01,0.2643429,0.2606894
2019-05-02 19:02,0.2642064,0.2635146
2019-05-02 19:03,0.2660675,0.2620124
2019-05-02 19:04,0.2659658,0.261653
2019-05-02 19:05,0.264965,0.2619233
2019-05-02 19:06,0.2658924,0.2614194
2019-05-02 19:07,0.2631496,0.2627354
2019-05-02 19:08,0.2642707,0.2623347
2019-05-02 19:09,0.2679264,0.2623558
2019-05-02 19:10,0.2625661,0.2634425
2019-05-02 19:11,0.2677649,0.2617607
2019-05-02 19:12,0.265388,0.2641158
2019-05-02 19:13,0.2619303,0.2635644
2019-05-02 19:14,0.2652702,0.2621798
2019-05-02 19:15,0.2637365,0.2618879
2019-05-02 19:16,0.2641138,0.2643517
2019-05-02 19:17,0.2614911,0.2638833
2019-05-02 19:18,0.2647673,0.2621492
2019-05-02 19:19,0.2626673,0.263601
2019-05-02 19:20,0.2641027,0.2640107
2019-05-02 19:21,0.2631404,0.2616706
2019-05-02 19:22,0.2637145,0.2633723
2019-05-02 19:23,0.2635381,0.2639416
2019-05-02 19:24,0.2657986,0.2622181
2019-05-02 19:25,0.2628046,0.2644017
2019-05-02 19:26,0.262933,0.2637778
2019-05-02 19:27,0.2623852,0.266403
2019-05-02 19:28,0.2639271,0.2638223
2019-05-02 19:29,0.2656839,0.2644021
2019-05-02 19:30,0.2635243,0.265478
2019-05-02 19:31,0.2647217,0.2641727
2019-05-02 19:32,0.2635287,0.2663725
2019-05-02 19:33,0.2616534,0.2653612
2019-05-02 19:34,0.2624228,0.2645379
2019-05-02 19:35,0.2618349,0.2647065
2019-05-02 19:36,0.2625556,0.2616625
2019-05-02 19:37,0.2635511,0.2642478
2019-05-02 19:38,0.2626657,0.2648189
2019-05-02 19:39,0.2653708,0.2634975
2019-05-02 19:40,0.2639851,0.2637726
2019-05-02 19:41,0.2624543,0.2645772
2019-05-02 19:42,0.265764,0.2643885
2019-05-02 19:43,0.2626128,0.2647711
2019-05-02 19:44,0.2645538,0.265251
2019-05-02 19:45,0.2613834,0.2653496
2019-05-02 19:46,0.2639124,0.2655029
2019-05-02 19:47,0.264032,0.2664497
2019-05-02 19:48,0.2612942,0.2649097
2019-05-02 19:49,0.2626975,0.2636829
2019-05-02 19:50,0.2615444,0.2642961
2019-05-02 19:51,0.2636195,0.2622439
2019-05-02 19:52,0.2645946,0.2621328
2019-05-02 19:53,0.2607929,0.2617146
2019-05-02 19:54,0.2639369,0.262448
2019-05-02 19:55,0.2625206,0.2622615
2019-05-02 19:56,0.2628967,0.2598678
2019-05-02 19:57,0.2752007,0.2623426
2019-05-02 19:58,0.261605,0.2609033
2019-05-02 19:59,0.2650286,0.2617844
2019-05-02 20:00,0.2640496,0.2617296
2019-05-02 20:01,0.2657601,0.2619213
2019-05-02 20:02,0.2607576,0.2621986
2019-05-02 20:03,0.2612158,0.2611454
2019-05-02 20:04,0.2641684,0.2606552
2019-05-02 20:05,0.2613465,0.2622527
2019-05-02 20:06,0.2617998,0.2614295
2019-05-02 20:07,0.2620776,0.2616268
2019-05-02 20:08,0.2623389,0.260441
2019-05-02 20:09,0.2628748,0.2595372
2019-05-02 20:10,0.2635153,0.2613776
2019-05-02 20:11,0.271338,0.2602862
2019-05-02 20:12,0.267548,0.2627794
2019-05-02 20:13,0.2642483,0.2632397
2019-05-02 20:14,0.263969,0.2614233
2019-05-02 20:15,0.2635936,0.2617179
2019-05-02 20:16,0.2613958,0.2593931
2019-05-02 20:17,0.2612936,0.2592538
2019-05-02 20:18,0.2628934,0.2594665
2019-05-02 20:19,0.2626289,0.2587695
2019-05-02 20:20,0.2622094,0.2589583
2019-05-02 20:21,0.2621969,0.2595907
2019-05-02 20:22,0.2628141,0.2606114
2019-05-02 20:23,0.2618061,0.2585903
2019-05-02 20:24,0.2633035,0.2596659
2019-05-02 20:25,0.261449,0.2600689
2019-05-02 20:26,0.262715,0.2592048
2019-05-02 20:27,0.2641428,0.2613877
2019-05-02 20:28,0.2622651,0.2580782
2019-05-02 20:29,0.264572,0.2587591
2019-05-02 20:30,0.2618819,0.2609762
2019-05-02 20:31,0.2630984,0.2593672
2019-05-02 20:32,0.261406,0.260698
2019-05-02 20:33,0.264044,0.2616727
2019-05-02 20:34,0.2677102,0.2615371
2019-05-02 20:35,0.2617053,0.2623307
2019-05-02 20:36,0.2629042,0.2608766
2019-05-02 20:37,0.265672,0.2600867
2019-05-02 20:38,0.2656854,0.2598335
2019-05-02 20:39,0.2656845,0.259096
2019-05-02 20:40,0.2637319,0.2599318
2019-05-02 20:41,0.2656649,0.2597272
2019-05-02 20:42,0.2673246,0.2596657
2019-05-02 20:43,0.2629324,0.2581668
2019-05-02 20:44,0.2632904,0.258135
2019-05-02 20:45,0.2636478,0.2597608
2019-05-02 20:46,0.2660605,0.2618281
2019-05-02 20:47,0.2662872,0.2609476
2019-05-02 20:48,0.2671193,0.2599976
2019-05-02 20:49,0.2674001,0.2603714
2019-05-02 20:50,0.2644634,0.2603881
2019-05-02 20:51,0.2670829,0.2585815
2019-05-02 20:52,0.2634268,0.2660914
2019-05-02 20:53,0.2655429,0.2635876
2019-05-02 20:54,0.269461,0.2603382
2019-05-02 20:55,0.2659053,0.2612844
2019-05-02 20:56,0.2685667,0.2612886
2019-05-02 20:57,0.2670716,0.2639071
2019-05-02 20:58,0.2659239,0.2626768
2019-05-02 20:59,0.267996,0.2638925
2019-05-02 21:00,0.2683019,0.2619169
2019-05-02 21:01,0.2703887,0.2602854
2019-05-02 21:02,0.2709826,0.2612208
2019-05-02 21:03,0.2695182,0.2635722
2019-05-02 21:04,0.2699095,0.2619524
2019-05-02 21:05,0.2665715,0.262771
2019-05-02 21:06,0.2690302,0.2617808
2019-05-02 21:07,0.2666446,0.2630954
2019-05-02 21:08,0.2657645,0.2626951
2019-05-02 21:09,0.269055,0.2636423
2019-05-02 21:10,0.2675634,0.2649505
2019-05-02 21:11,0.26816,0.2620811
2019-05-02 21:12,0.2692603,0.26331
2019-05-02 21:13,0.2680919,0.2626059
2019-05-02 21:14,0.2700661,0.2632517
2019-05-02 21:15,0.2715726,0.2639611
2019-05-02 21:16,0.2706148,0.2637992
2019-05-02 21:17,0.2691626,0.2629578
2019-05-02 21:18,0.2703216,0.262766
2019-05-02 21:19,0.2697134,0.2638555
2019-05-02 21:20,0.2685273,0.2653159
2019-05-02 21:21,0.2722821,0.2634528
2019-05-02 21:22,0.2713383,0.2637771
2019-05-02 21:23,0.2703044,0.2629344
2019-05-02 21:24,0.2724132,0.26353
2019-05-02 21:25,0.2689193,0.2634567
2019-05-02 21:26,0.2692367,0.2637713
2019-05-02 21:27,0.2705835,0.2649509
2019-05-02 21:28,0.2695808,0.2648449
2019-05-02 21:29,0.2711779,0.2623074
2019-05-02 21:30,0.2724519,0.2645523
2019-05-02 21:31,0.2739751,0.2658584
2019-05-02 21:32,0.2753116,0.266644
2019-05-02 21:33,0.2723576,0.2640872
2019-05-02 21:34,0.2751315,0.2636816
2019-05-02 21:35,0.2751476,0.2653122
2019-05-02 21:36,0.2809334,0.2640079
2019-05-02 21:37,0.2791269,0.2652929
2019-05-02 21:38,0.2821747,0.2661978
2019-05-02 21:39,0.2838092,0.2660184
2019-05-02 21:40,0.2844748,0.2658247
2019-05-02 21:41,0.2871779,0.2648
2019-05-02 21:42,0.283554,0.2674722
2019-05-02 21:43,0.2866123,0.2660325
2019-05-02 21:44,0.2897641,0.2681813
2019-05-02 21:45,0.2890875,0.2677721
2019-05-02 21:46,0.2908951,0.2654878
2019-05-02 21:47,0.291954,0.2684628
2019-05-02 21:48,0.2935476,0.2679472
2019-05-02 21:49,0.2972678,0.266111
2019-05-02 21:50,0.2967451,0.2640352
2019-05-02 21:51,0.3032048,0.264094
2019-05-02 21:52,0.2982387,0.2655409
2019-05-02 21:53,0.301236,0.2673232
2019-05-02 21:54,0.3042299,0.2662486
2019-05-02 21:55,0.3048785,0.2661608
2019-05-02 21:56,0.3061531,0.2673337
2019-05-02 21:57,0.3055281,0.2665501
2019-05-02 21:58,0.304482,0.2649963
2019-05-02 21:59,0.3078284,0.2662722
2019-05-02 22:00,0.305717,0.2664914
2019-05-02 22:01,0.3067177,0.2644649
2019-05-02 22:02,0.3078734,0.2674441
2019-05-02 22:03,0.3077835,0.2682063
2019-05-02 22:04,0.3113998,0.2652227
2019-05-02 22:05,0.3096606,0.2687961
2019-05-02 22:06,0.3101432,0.2658163
2019-05-02 22:07,0.3092209,0.2652938
2019-05-02 22:08,0.3089266,0.2666631
2019-05-02 22:09,0.3084236,0.2671162
2019-05-02 22:10,0.3100522,0.2680041
2019-05-02 22:11,0.3082567,0.2676677
2019-05-02 22:12,0.3072156,0.2680397
2019-05-02 22:13,0.3055637,0.2683905
2019-05-02 22:14,0.3079009,0.2697586
2019-05-02 22:15,0.3093264,0.2672032
2019-05-02 22:16,0.3125355,0.2658903
2019-05-02 22:17,0.3111162,0.2682925
2019-05-02 22:18,0.3111186,0.2656992
2019-05-02 22:19,0.313453,0.2660383
2019-05-02 22:20,0.3079343,0.2657477
2019-05-02 22:21,0.3101033,0.2665552
2019-05-02 22:22,0.3089814,0.2675517
2019-05-02 22:23,0.3088326,0.2682245
2019-05-02 22:24,0.3107987,0.2670141
2019-05-02 22:25,0.3084286,0.2671274
2019-05-02 22:26,0.3095414,0.2698725
2019-05-02 22:27,0.3118092,0.2743832
2019-05-02 22:28,0.3126391,0.2693222
2019-05-02 22:29,0.3197675,0.2695906
2019-05-02 22:30,0.3135628,0.2726952
2019-05-02 22:31,0.3160929,0.2719672
2019-05-02 22:32,0.3134261,0.273132
2019-05-02 22:33,0.3171248,0.2703719
2019-05-02 22:34,0.3166855,0.2732618
2019-05-02 22:35,0.3121589,0.2723324
2019-05-02 22:36,0.3108894,0.2710074
2019-05-02 22:37,0.3149734,0.2695478
2019-05-02 22:38,0.3121407,0.2709084
2019-05-02 22:39,0.3134699,0.2712646
2019-05-02 22:40,0.3153642,0.2706719
2019-05-02 22:41,0.3162716,0.2707228
2019-05-02 22:42,0.3157937,0.2715867
2019-05-02 22:43,0.3164524,0.2694274
2019-05-02 22:44,0.3186279,0.2691785
2019-05-02 22:45,0.314448,0.2707102
2019-05-02 22:46,0.3148365,0.2694606
2019-05-02 22:47,0.3143015,0.2693609
2019-05-02 22:48,0.3143952,0.2682429
2019-05-02 22:49,0.3155119,0.2681575
2019-05-02 22:50,0.3116125,0.2690912
2019-05-02 22:51,0.3081114,0.2688598
2019-05-02 22:52,0.3132697,0.2715781
2019-05-02 22:53,0.3135171,0.2703021
2019-05-02 22:54,0.312979,0.2704373
2019-05-02 22:55,0.3086725,0.2692012
2019-05-02 22:56,0.3086888,0.270648
2019-05-02 22:57,0.3074784,0.2717788
2019-05-02 22:58,0.3070811,0.270985
2019-05-02 22:59,0.3072668,0.273454
2019-05-02 23:00,0.302738,0.2730979
2019-05-02 23:01,0.303789,0.2755687
2019-05-02 23:02,0.3042749,0.2738603
2019-05-02 23:03,0.3020395,0.2713249
2019-05-02 23:04,0.3044268,0.2710322
2019-05-02 23:05,0.3055099,0.2714438
2019-05-02 23:06,0.303913,0.271091
2019-05-02 23:07,0.3053463,0.2710421
2019-05-02 23:08,0.3034052,0.2686549
2019-05-02 23:09,0.3060805,0.2698966
2019-05-02 23:10,0.3017157,0.2692679
2019-05-02 23:11,0.3020669,0.2714952
2019-05-02 23:12,0.3032592,0.2727878
2019-05-02 23:13,0.3035898,0.2712801
2019-05-02 23:14,0.302788,0.2718657
2019-05-02 23:15,0.3008927,0.2712326
2019-05-02 23:16,0.3015942,0.2676603
2019-05-02 23:17,0.2992966,0.270258
2019-05-02 23:18,0.3005267,0.2698306
2019-05-02 23:19,0.2994468,0.2718718
2019-05-02 23:20,0.298975,0.2703881
2019-05-02 23:21,0.3002249,0.2711276
2019-05-02 23:22,0.2988483,0.2704167
2019-05-02 23:23,0.298521,0.2695387
2019-05-02 23:24,0.2988657,0.2705529
2019-05-02 23:25,0.2968048,0.2717121
2019-05-02 23:26,0.3005283,0.2706049
2019-05-02 23:27,0.2950999,0.2702861
2019-05-02 23:28,0.2941383,0.2698702
2019-05-02 23:29,0.296328,0.2736515
2019-05-02 23:30,0.2957363,0.2715285
2019-05-02 23:31,0.2926766,0.2685141
2019-05-02 23:32,0.2956503,0.2681763
2019-05-02 23:33,0.2944687,0.2689291
2019-05-02 23:34,0.293511,0.2700897
2019-05-02 23:35,0.2936694,0.2677747
2019-05-02 23:36,0.294221,0.2689683
2019-05-02 23:37,0.2952814,0.2722911
2019-05-02 23:38,0.2963015,0.2721119
2019-05-02 23:39,0.2927969,0.2748919
2019-05-02 23:40,0.2911138,0.2736424
2019-05-02 23:41,0.2948601,0.2713407
2019-05-02 23:42,0.2919166,0.2743694
2019-05-02 23:43,0.2937686,0.2735093
2019-05-02 23:44,0.2940961,0.2739273
2019-05-02 23:45,0.2906189,0.2762346
2019-05-02 23:46,0.294409,0.2769864
2019-05-02 23:47,0.2921159,0.2763106
2019-05-02 23:48,0.2926499,0.2751549
2019-05-02 23:49,0.2960374,0.274899
2019-05-02 23:50,0.2939992,0.2759125
2019-05-02 23:51,0.2941129,0.2772518
2019-05-02 23:52,0.294275,0.2797125
2019-05-02 23:53,0.2922231,0.2784743
2019-05-02 23:54,0.2927879,0.2766699
2019-05-02 23:55,0.294827,0.2771569
2019-05-02 23:56,0.2945491,0.2786957
2019-05-02 23:57,0.290788,0.2807957
2019-05-02 23:58,0.2932498,0.2790968
2019-05-02 23:59,0.2937012,0.2784112